{
  "hash": "0efafde0",
  "configHash": "fa8a589c",
  "lockfileHash": "7239d16d",
  "browserHash": "38631762",
  "optimized": {
    "@angular/core": {
      "src": "../../../../../node_modules/@angular/core/fesm2022/core.mjs",
      "file": "@angular_core.js",
      "fileHash": "7cd7c756",
      "needsInterop": false
    },
    "@angular/platform-browser": {
      "src": "../../../../../node_modules/@angular/platform-browser/fesm2022/platform-browser.mjs",
      "file": "@angular_platform-browser.js",
      "fileHash": "990adce1",
      "needsInterop": false
    },
    "@angular/router": {
      "src": "../../../../../node_modules/@angular/router/fesm2022/router.mjs",
      "file": "@angular_router.js",
      "fileHash": "1fb7f7fd",
      "needsInterop": false
    }
  },
  "chunks": {
    "chunk-ZQYC46LV": {
      "file": "chunk-ZQYC46LV.js"
    },
    "chunk-7XNSWP76": {
      "file": "chunk-7XNSWP76.js"
    }
  }
}